CATEGORY_NAME,CONTENT_ID,DEPTH,END_DATE,EVENT_NAME,EVENT_TYPE_NAME,EXPIRE_DATE,LAST_UPDATED_DATE,LENGTH,LOCATION,PUBLISH_DATE,START_DATE,STATUS,SUMMARY_TEXT,TEXT,URL,NEIGHBORHOOD
North Events,641755,2,2021-06-09 03:00:00 UTC,Bridgeton Neighborhood Association,Neighborhood/Business Association Meeting,,2020-02-21 18:32:09 UTC,,Courtyard Marriott Board Room 1231 N. Anchor Way,2021-03-04 21:02:00 UTC,2021-06-09 01:30:00 UTC,A,,,https://www.portlandoregon.gov/civic/article/641755,Bridgeton
SE Events,755510,2,2021-06-09 03:00:00 UTC,Reed NA Meeting,Meetings,,2020-03-04 23:11:30 UTC,,Reed College Performing Arts Building - 3203 SE Woodstock Boulevard,,2021-06-09 01:30:00 UTC,A,,,https://www.portlandoregon.gov/civic/article/755510,Reed
SE Events,756042,2,2021-06-09 04:00:00 UTC,Laurelhurst NA Meeting,Meetings,,2021-05-26 19:55:30 UTC,,"All Saints Church, 3847 NE Glisan Street",2021-05-26 19:55:30 UTC,2021-06-09 02:00:00 UTC,A,,,https://www.portlandoregon.gov/civic/article/756042,Laurelhurst
SW Events,766878,2,2021-06-09 03:00:00 UTC,Multnomah Neighborhood Association,Neighborhood/Business Association Meeting,,2020-10-05 19:49:55 UTC,,Virtual - see swni.org/calendar for details,,2021-06-09 02:00:00 UTC,A,"Contact Maria Thi Mai, multnomah-president@swni.org.  Website: multnomah.swni.org",,https://www.portlandoregon.gov/civic/article/766878,Multnomah
Central NE Events,780777,2,2021-06-09 04:00:00 UTC,Cully Association of Neighbors (CAN) General Meeting,Neighborhood/Business Association Meeting,,2021-02-01 22:02:30 UTC,,,2021-02-01 22:01:00 UTC,2021-06-09 02:00:00 UTC,A,,,https://www.portlandoregon.gov/civic/article/780777,Cully
SW Events,781718,2,2021-06-09 03:00:00 UTC,Arnold Creek Neighborhood Association,Neighborhood/Business Association Meeting,,2021-04-06 14:28:37 UTC,,Virtual - see arnoldcreek.org for details,2021-04-06 14:28:37 UTC,2021-06-09 02:00:00 UTC,A,"Contact Kathryn Daly and Sharon Keast, president@arnoldcreek.org. Website: arnoldcreek.org",,https://www.portlandoregon.gov/civic/article/781718,Arnold Creek
SE Events,755550,2,2021-06-10 03:30:00 UTC,Brooklyn Actions Corps General Meeting,Community Events,,2020-03-04 23:18:36 UTC,,Thelma Skelton Meals on Wheels Center 3925 Southeast Milwaukie Avenue,,2021-06-10 01:30:00 UTC,A,,"<p>Board meetings:The Brooklyn Action Corps Board meets on the second Wednesday of every month at 6:30 PM, Thelma Skelton Meals on Wheels Center 3925 Southeast Milwaukie Avenue</p>
<p>General Meetings: The Brooklyn Action Corps meets on the fourth Wednesday of odd months at 7 PM, Thelma Skelton Meals on Wheels Center 3925 Southeast Milwaukie Avenue</p>",https://www.portlandoregon.gov/civic/article/755550,Brooklyn
SW Events,767980,2,2021-06-10 03:30:00 UTC,Bridlemile Neighborhood Association,Neighborhood/Business Association Meeting,,2020-11-01 23:22:37 UTC,,Virtual - see swni.org/calendar for details,,2021-06-10 02:00:00 UTC,A,"Contact Richard Freimark, bridlemile-president@swni.org. Website: bridlemile.swni.org",,https://www.portlandoregon.gov/civic/article/767980,Bridlemile
SW Events,767990,2,2021-06-11 03:00:00 UTC,Marshall Park Neighborhood Association,Neighborhood/Business Association Meeting,,2020-11-01 23:27:26 UTC,,Virtual - see swni.org/calendar for details,,2021-06-11 01:00:00 UTC,A,"Contact Mike Charles, marshallparkchair@swni.org. Website: https://swni.org/marshallpark",,https://www.portlandoregon.gov/civic/article/767990,Marshall Park
NW and Inner SW Events,778833,2,2021-06-11 03:00:00 UTC,Pearl District Board Meeting,Neighborhood/Business Association Meeting,,2020-11-25 02:58:54 UTC,,,,2021-06-11 01:00:00 UTC,A,,<p>contact for meeting access communications@pearldistrict.org&nbsp;</p>,https://www.portlandoregon.gov/civic/article/778833,Pearl District
SE Events,755611,2,2021-06-11 04:00:00 UTC,Buckman NA Meeting,Meetings,,2020-03-04 23:21:36 UTC,,Multnomah County Boardroom (501 SE Hawthorne Blvd),,2021-06-11 02:00:00 UTC,A,,"<p>The Buckman Neighborhood Association meetings take place on the second Thursday of every month (unless otherwise noted).</p>
<p>The board meeting goes from 6:20-7:00pm, and the general meeting runs from 7:00-9:00pm. Both meetings are open to anyone interested in attending.</p>",https://www.portlandoregon.gov/civic/article/755611,Buckman
SE Events,755664,2,2021-06-11 04:00:00 UTC,Sunnyside NA Board Meeting,Meetings,,2020-03-04 23:23:53 UTC,,SE Uplift 3534 SE Main St. Portland OR 97214,,2021-06-11 02:00:00 UTC,A,,"<p>The Sunnyside Neighborhood Association meets on the second Thursday of the month at 7:30 PM, SE Uplift, 3534 SE Main.</p>",https://www.portlandoregon.gov/civic/article/755664,Sunnyside
SW Events,765775,2,2021-06-11 03:30:00 UTC,West Portland Park Neighborhood Association,Neighborhood/Business Association Meeting,,2020-09-06 16:11:12 UTC,,Virtual - see swni.org/calendar for details,,2021-06-11 02:00:00 UTC,A,"Contact Javier Moncada, wppna-president@swni.org Website: http://swni.org/w_portland_park",,https://www.portlandoregon.gov/civic/article/765775,West Portland Park
SW Events,765785,2,2021-06-11 03:00:00 UTC,South Burlingame Neighborhood Association,Neighborhood/Business Association Meeting,,2021-06-01 14:37:27 UTC,,Virtual - see southburlingamena.org website for details,2021-04-06 14:27:00 UTC,2021-06-11 02:00:00 UTC,A,"Contact: Shannon Hiller-Webb, president@southburlingamena.org. Website: southburlingamena.org",,https://www.portlandoregon.gov/civic/article/765785,South Burlingame
SE Events,755381,2,2021-06-15 03:30:00 UTC,Foster-Powell NA Meetings,Meetings,,2020-03-04 22:46:31 UTC,,TBD - Check www.fosterpowell.com for location,,2021-06-14 13:30:00 UTC,A,,"<p>The Foster-Powell Neighborhood Association meets on the second Monday of the month at 6:30 PM, 5339 SE Foster Rd, Portland, OR 97206</p>
<p>&nbsp;</p>
<p>No meeting held in August.</p>",https://www.portlandoregon.gov/civic/article/755381,Foster-Powell
SE Events,755423,2,2021-06-15 00:00:00 UTC,Richmond NA Board Meeting,Meetings,,2020-03-04 22:50:34 UTC,,Waverly Heights Congregational United Church of Christ - 3300 SE Woodward Street,,2021-06-14 15:00:00 UTC,A,,<p>No meeting in January.</p>,https://www.portlandoregon.gov/civic/article/755423,Richmond
NW and Inner SW Events,778598,2,2021-06-15 02:30:00 UTC,Arlington Heights NA Board Meeting,Neighborhood/Business Association Meeting,,2020-11-19 00:48:24 UTC,,"virtual, contact president@arlingtonheightspdx.org ",,2021-06-15 01:00:00 UTC,A,,"<p>virtual, contact president@arlingtonheightspdx.org for meeting access</p>",https://www.portlandoregon.gov/civic/article/778598,Arlington Heights
SE Events,755467,2,2021-06-15 04:00:00 UTC,Montavilla NA Board Meeting,Community Events,,2020-03-04 23:09:25 UTC,,"Montavilla United Methodist Church, 232 SE 80th",,2021-06-15 01:30:00 UTC,A,,,https://www.portlandoregon.gov/civic/article/755467,Montavilla
North Events,594415,2,2021-06-15 03:30:00 UTC,St Johns Neighborhood Association General Mtg,Community Events,,2021-05-17 17:28:03 UTC,,See stjohnspdx.org for virtual meeting information,2021-05-17 17:28:03 UTC,2021-06-15 02:00:00 UTC,A,,,https://www.portlandoregon.gov/civic/article/594415,St. Johns
Central NE Events,708565,2,2021-06-15 03:30:00 UTC,Beaumont-Wilshire Neighborhood Association (BWNA) General Meeting,Neighborhood/Business Association Meeting,,2021-01-28 21:39:29 UTC,," Bethany Lutheran Church, basement activity room, N.E. Skidmore & 37th",2019-01-03 00:00:00 UTC,2021-06-15 02:00:00 UTC,A,,,https://www.portlandoregon.gov/civic/article/708565,Beaumont-Wilshire
SW Events,765805,2,2021-06-15 03:00:00 UTC,Ashcreek Neighborhood Association,Neighborhood/Business Association Meeting,,2020-11-09 20:00:24 UTC,,Virtual - see swni.org/calendar for details,2020-11-09 20:00:24 UTC,2021-06-15 02:00:00 UTC,A,"Contact Taylor von Ahlefeld, president@ashcreekna.org. Website: ashcreekna.org",,https://www.portlandoregon.gov/civic/article/765805,Ashcreek
NW and Inner SW Events,778857,2,2021-06-16 02:30:00 UTC,Pearl District Land Use & Transportation Meeting,Land Use Planning,,2020-11-25 03:03:49 UTC,,,,2021-06-16 01:00:00 UTC,A,,,https://www.portlandoregon.gov/civic/article/778857,Pearl District
SE Events,755727,2,2021-06-16 03:30:00 UTC,North Tabor NA General Meeting,Meetings,,2020-03-04 23:32:23 UTC,,"5600 NE Glisan St, Portland, OR 97213, USA",,2021-06-16 01:30:00 UTC,A,,"<p>The North Tabor Neighborhood Association meets on the third Tuesday of the month at 7 PM, 5600 NE Glisan.</p>",https://www.portlandoregon.gov/civic/article/755727,North Tabor
NW and Inner SW Events,778956,2,2021-06-16 03:00:00 UTC,Sylvan-Highlands NA Board Meeting,Neighborhood/Business Association Meeting,,2020-11-26 01:07:13 UTC,,,,2021-06-16 01:30:00 UTC,A,,,https://www.portlandoregon.gov/civic/article/778956,Sylvan-Highlands
NW and Inner SW Events,778611,2,2021-06-16 04:00:00 UTC,Forest Park NA Board Meeting,Neighborhood/Business Association Meeting,,2020-11-19 01:40:59 UTC,,virtual,,2021-06-16 02:00:00 UTC,A,,"<p>virtual meeting, contact <a href=""mailto:president@forestparkneighbors.org"">president@forestparkneighbors.org</a>&nbsp;for meeting access</p>",https://www.portlandoregon.gov/civic/article/778611,Forest Park
Central NE Events,780778,2,2021-06-16 04:00:00 UTC,Cully Association of Neighbors (CAN) Land Use Meeting,Neighborhood/Business Association Meeting,,2021-02-01 22:03:31 UTC,,,2021-02-01 22:02:00 UTC,2021-06-16 02:00:00 UTC,A,,,https://www.portlandoregon.gov/civic/article/780778,Cully
NW and Inner SW Events,778821,2,2021-06-17 00:00:00 UTC,Old Town Land Use Committee Meeting ,Land Use Planning,,2020-11-25 03:05:07 UTC,,,2020-11-25 03:05:07 UTC,2021-06-16 22:30:00 UTC,A,,<p>contact for meeting access planning@pdxoldtown.org&nbsp;</p>,https://www.portlandoregon.gov/civic/article/778821,Old Town
SE Events,755798,2,2021-06-17 04:00:00 UTC,Mt. Tabor NA General Meeting,Meetings,,2020-03-05 00:06:50 UTC,,"Presbyterian Church, 5441 SE Belmont",,2021-06-17 02:00:00 UTC,A,,<p>Mt Tabor neighborhood association general meeting. No meetings in December.</p>,https://www.portlandoregon.gov/civic/article/755798,Mt. Tabor
SW Events,765815,2,2021-06-17 03:00:00 UTC,Southwest Hills Residential League,Neighborhood/Business Association Meeting,,2020-09-06 16:36:03 UTC,,Virtual - see swni.org/calendar for details,,2021-06-17 02:00:00 UTC,A,"Contact John Neumann, president@swhrl.org. Website: swhrl.org",,https://www.portlandoregon.gov/civic/article/765815,Southwest Hills
SE Events,755901,2,2021-06-18 04:00:00 UTC,Eastmoreland  NA General Meeting,Meetings,,2021-05-20 23:24:32 UTC,,"Duniway School Library, 7700 SE Reed College Place",2019-09-23 20:15:00 UTC,2021-06-18 02:00:00 UTC,A,,"<p>The Eastmoreland Neighborhood Association meets on the third Thursday of each month at 7 PM, Duniway School Library, 7700 SE Reed College Place.</p>
<p>No meetings in June, July and August.</p>",https://www.portlandoregon.gov/civic/article/755901,Eastmoreland
SE Events,755936,2,2021-06-18 04:00:00 UTC,South Tabor NA General Mtg,Meetings,,2020-03-05 00:19:00 UTC,,"Trinity Church, 2700 SE 67th Ave. ",,2021-06-18 02:00:00 UTC,A,,"<p>SOUTH TABOR NEIGHBORHOOD ASSOCIATION MEETINGS are held on the third Thursday of each month at Trinity Church, 2700 SE 67th Ave., at 7pm. Everyone is welcome to attend.</p>
<p>&nbsp;</p>
<p><a href=""http://www.southtabor.org/index.html"">http://www.southtabor.org/index.html</a></p>",https://www.portlandoregon.gov/civic/article/755936,South Tabor
NW and Inner SW Events,778624,2,2021-06-18 04:00:00 UTC,Goose Hollow Foothills League Neighborhood Meeting,Neighborhood/Business Association Meeting,,2020-11-19 01:44:55 UTC,,virtual,,2021-06-18 02:00:00 UTC,A,,<p>contact info@goosehollow.org for meeting access</p>,https://www.portlandoregon.gov/civic/article/778624,Goose Hollow
Central NE Events,780779,2,2021-06-18 04:00:00 UTC,Rose City Park Neighborhood Association (RCPNA) Land Use/Transportation Meeting,Neighborhood/Business Association Meeting,,2021-02-01 22:05:41 UTC,,,2021-02-01 22:05:00 UTC,2021-06-18 02:00:00 UTC,A,,,https://www.portlandoregon.gov/civic/article/780779,Rose City Park
Inner NE Events,781848,2,2021-06-22 03:30:00 UTC,Eliot Neighborhood Association Meeting,Community Events,,2021-03-03 22:03:52 UTC,,,,2021-06-22 02:00:00 UTC,A,Eliot Neighborhood Association Meeting,<p>Please visit&nbsp;eliotneighborhood.org for zoom links/ meeting location.</p>,https://www.portlandoregon.gov/civic/article/781848,Eliot
Central NE Events,780780,2,2021-06-23 03:00:00 UTC,Cully Association of Neighbors (CAN) Board Meeting,Neighborhood/Business Association Meeting,,2021-02-01 22:06:38 UTC,,,2021-02-01 22:06:00 UTC,2021-06-23 01:00:00 UTC,A,,,https://www.portlandoregon.gov/civic/article/780780,Cully
SE Events,756007,2,2021-06-29 04:00:00 UTC,Creston-Kenilworth Board Meeting,Meetings,,2020-03-05 00:23:18 UTC,,"Shut Up and Eat, 3848 SE Gladstone St, Portland, OR 97202, USA",,2021-06-29 02:00:00 UTC,A,,,https://www.portlandoregon.gov/civic/article/756007,Creston-Kenilworth
North Events,594355,2,2021-06-30 23:30:00 UTC,St Johns Neighborhood Association Board,Community Events,,2021-05-17 17:54:03 UTC,,See stjohnspdx.org for virtual meeting information,2020-02-17 18:26:00 UTC,2021-06-30 21:00:00 UTC,A,,,https://www.portlandoregon.gov/civic/article/594355,St. Johns
Inner NE Events,781864,2,2021-07-02 03:00:00 UTC,Northeast Coalition of Neighborhoods,Community Events,,2021-03-03 22:32:36 UTC,,email for meeting link/ location,,2021-07-02 01:30:00 UTC,A,Northeast Coalition of Neighborhoods,"<p>Visit www.necoalition.org or email info@necoaltion.org for details, agendas and meeting links</p>",https://www.portlandoregon.gov/civic/article/781864,Northeast
SE Events,755343,2,2021-07-02 04:00:00 UTC,Brentwood Darlington NA Meeting,Community Events,,2020-03-04 22:37:20 UTC,,"Brentwood-Darlington Community Center, 7211 SE 62nd Avenue, Portland, OR, United States",,2021-07-02 02:00:00 UTC,A,,"<p><span style=""font-size: 1.1em;"">The Brentwood-Darlington Neighborhood Association meets on the first Thursday of the month at 7 PM, Brentwood-Darlington Community Center, 7211 SE 62nd Avenue. Anyone with an interest in the Brentwood-Darlington neighborhood is welcome to join us. There is time each meeting for new business or to deal with livability issues neighbors are experiencing. Please join us.</span></p>",https://www.portlandoregon.gov/civic/article/755343,Brentwood
Central NE Events,780589,2,2021-07-02 04:00:00 UTC,Hollywood Neighborhood Association (HNA) Board Meeting,Neighborhood/Business Association Meeting,,2021-01-28 21:40:01 UTC,,,2021-01-28 20:53:00 UTC,2021-07-02 02:00:00 UTC,A,,,https://www.portlandoregon.gov/civic/article/780589,Hollywood
NW and Inner SW Events,778846,2,2021-07-07 02:30:00 UTC,Pearl District Land Use & Transportation Meeting,Land Use Planning,,2020-11-25 03:04:27 UTC,,,2020-11-25 03:04:27 UTC,2021-07-07 01:00:00 UTC,A,,<p>contact for meeting access planning@pearldistrict.org&nbsp;</p>,https://www.portlandoregon.gov/civic/article/778846,Pearl District
Inner NE Events,782038,2,2021-07-07 04:00:00 UTC,Sullivans Gulch Neighborhood Association Meetings,Neighborhood Event,,2021-03-06 00:04:15 UTC,,Check website for location,,2021-07-07 01:00:00 UTC,A,Sullivans Gulch Neighborhood Association,"<p>Sullivan's Gulch Neighborhood Association meets first Tuesdays at 7:30-9; LUTC meeting first Tuesdays, 6-7:30</p>
<div>Please check website for meeting location/Zoom link at&nbsp;<a href=""http://sullivansgulch.org/"" target=""_blank"" data-saferedirecturl=""https://www.google.com/url?q=http://SullivansGulch.org&amp;source=gmail&amp;ust=1615072014445000&amp;usg=AFQjCNF3qI6nVam1I2Mr_9FE1aVQzLCuww"">SullivansGulch.org</a></div>",https://www.portlandoregon.gov/civic/article/782038,Sullivan's Gulch
Inner NE Events,782025,2,2021-07-07 03:00:00 UTC,King Neighborhood Association,Neighborhood Event,,2021-03-05 23:59:21 UTC,,Check website for location,,2021-07-07 01:30:00 UTC,A,King Neighborhood Association,"<p>King Neighborhood Association meets&nbsp;<strong>first Tuesday</strong>&nbsp;of every month 6:30PM-8PM. Please visit&nbsp;https://kingneighborhood.org/ for more information, location/ meeting links.&nbsp;</p>",https://www.portlandoregon.gov/civic/article/782025,King
North Events,783700,2,2021-07-07 02:30:00 UTC,Overlook Neighborhood Association Board,Community Events,,2021-05-17 18:10:16 UTC,,See overlookneighborhood.org for access to virtual meeting information,,2021-07-07 01:30:00 UTC,A,,,https://www.portlandoregon.gov/civic/article/783700,Overlook
SW Events,779818,2,2021-07-07 04:00:00 UTC,Homestead Neighborhood Association,Neighborhood/Business Association Meeting,,2021-01-04 18:58:55 UTC,,Virtual - see swni.org/calendar for details,,2021-07-07 02:00:00 UTC,A,Contact: contact@homesteadna.org. Website: homesteadna.org,,https://www.portlandoregon.gov/civic/article/779818,Homestead
Central NE Events,780781,2,2021-07-07 04:00:00 UTC,Rose City Park (RCPNA) Board Meeting,Neighborhood/Business Association Meeting,,2021-02-01 22:09:28 UTC,,,2021-02-01 22:08:00 UTC,2021-07-07 02:00:00 UTC,A,,,https://www.portlandoregon.gov/civic/article/780781,Rose City Park
NW and Inner SW Events,778810,2,2021-07-07 20:30:00 UTC,Old Town Community Association Board Meeting,Neighborhood/Business Association Meeting,,2021-06-02 18:18:07 UTC,,,2020-11-25 02:53:00 UTC,2021-07-07 18:30:00 UTC,A,,<p>contact for meeting access chair@PDXoldtown.org&nbsp;</p>,https://www.portlandoregon.gov/civic/article/778810,Old Town
North Events,756666,2,2021-07-08 03:00:00 UTC,North Portland Parks Advisory Group,Community Events,,2021-05-17 17:46:56 UTC,,See northportlandparksadvisorygroup.org for virtual meeting information,2021-05-17 17:46:56 UTC,2021-07-08 01:00:00 UTC,A,Supporting parks in North Portland,,https://www.portlandoregon.gov/civic/article/756666,North
SE Events,755100,2,2021-07-08 03:30:00 UTC,Mt Scott Arletta NA General Meeting,Meetings,,2020-03-04 21:51:24 UTC,,"Mt Scott Community Center & Pool, 5530 SE 72nd Ave, Portland, OR 97206, USA",,2021-07-08 01:30:00 UTC,A,Mt. Scott Arleta Neighborhood Association General Meeting,"<p>The Mt. Scott-Arleta Neighborhood Association meets on the first Wednesday of the month at 6:30 PM, Mt. Scott Community Center, 5530 SE 72nd Avenue.</p>
<p>No meeting in August.</p>",https://www.portlandoregon.gov/civic/article/755100,Mt. Scott
Inner NE Events,781826,2,2021-07-08 03:00:00 UTC,Concordia Neighborhood Association ,Community Events,,2021-03-03 21:55:50 UTC,,Check website for location,,2021-07-08 01:30:00 UTC,A,Concordia Neighborhood Association,"<p>Please visit&nbsp;http://concordiapdx.org/ for more info or&nbsp;www.facebook.com/groups/ConcordiaPDX/<a href=""https://www.facebook.com/groups/ConcordiaPDX/""><br /></a></p>",https://www.portlandoregon.gov/civic/article/781826,Concordia
Inner NE Events,781831,2,2021-07-08 03:00:00 UTC,Concordia Neighborhood Association ,Community Events,,2021-03-03 21:55:57 UTC,,Check website for location,,2021-07-08 01:30:00 UTC,A,Concordia Neighborhood Association,"<p>Please visit&nbsp;http://concordiapdx.org/ for more info or&nbsp;www.facebook.com/groups/ConcordiaPDX/<a href=""https://www.facebook.com/groups/ConcordiaPDX/""><br /></a></p>",https://www.portlandoregon.gov/civic/article/781831,Concordia
SE Events,755134,2,2021-07-08 03:00:00 UTC,Woodstock NA Meeting,Meetings,,2020-03-04 21:57:32 UTC,,"Woodstock Community Center, 5905 SE 43rd Ave, Portland, OR",,2021-07-08 02:00:00 UTC,A,Woodstock neighborhood association general meeting,"<p>For more information, please visit: <a href=""http://woodstockpdx.org/"">http://woodstockpdx.org/</a></p>",https://www.portlandoregon.gov/civic/article/755134,Woodstock
SW Events,767971,2,2021-07-08 04:00:00 UTC,South Portland Neighborhood Association,Neighborhood/Business Association Meeting,,2020-11-01 23:19:37 UTC,,Virtual - see swni.org/calendar for details,,2021-07-08 02:00:00 UTC,A,"Contact Michael Kaplan, president@southportlandna.org. Website: southportlandna.org",,https://www.portlandoregon.gov/civic/article/767971,South
SW Events,767991,2,2021-07-09 03:00:00 UTC,Marshall Park Neighborhood Association,Neighborhood/Business Association Meeting,,2020-11-01 23:27:28 UTC,,Virtual - see swni.org/calendar for details,,2021-07-09 01:00:00 UTC,A,"Contact Mike Charles, marshallparkchair@swni.org. Website: https://swni.org/marshallpark",,https://www.portlandoregon.gov/civic/article/767991,Marshall Park
NW and Inner SW Events,778834,2,2021-07-09 03:00:00 UTC,Pearl District Board Meeting,Neighborhood/Business Association Meeting,,2020-11-25 02:58:56 UTC,,,,2021-07-09 01:00:00 UTC,A,,<p>contact for meeting access communications@pearldistrict.org&nbsp;</p>,https://www.portlandoregon.gov/civic/article/778834,Pearl District
SE Events,755614,2,2021-07-09 04:00:00 UTC,Buckman NA Meeting,Meetings,,2020-03-04 23:21:39 UTC,,Multnomah County Boardroom (501 SE Hawthorne Blvd),,2021-07-09 02:00:00 UTC,A,,"<p>The Buckman Neighborhood Association meetings take place on the second Thursday of every month (unless otherwise noted).</p>
<p>The board meeting goes from 6:20-7:00pm, and the general meeting runs from 7:00-9:00pm. Both meetings are open to anyone interested in attending.</p>",https://www.portlandoregon.gov/civic/article/755614,Buckman
SE Events,755667,2,2021-07-09 04:00:00 UTC,Sunnyside NA Board Meeting,Meetings,,2020-03-04 23:23:56 UTC,,SE Uplift 3534 SE Main St. Portland OR 97214,,2021-07-09 02:00:00 UTC,A,,"<p>The Sunnyside Neighborhood Association meets on the second Thursday of the month at 7:30 PM, SE Uplift, 3534 SE Main.</p>",https://www.portlandoregon.gov/civic/article/755667,Sunnyside
SE Events,755382,2,2021-07-13 03:30:00 UTC,Foster-Powell NA Meetings,Meetings,,2020-03-04 22:46:33 UTC,,TBD - Check www.fosterpowell.com for location,,2021-07-12 13:30:00 UTC,A,,"<p>The Foster-Powell Neighborhood Association meets on the second Monday of the month at 6:30 PM, 5339 SE Foster Rd, Portland, OR 97206</p>
<p>&nbsp;</p>
<p>No meeting held in August.</p>",https://www.portlandoregon.gov/civic/article/755382,Foster-Powell
SE Events,755424,2,2021-07-13 00:00:00 UTC,Richmond NA Board Meeting,Meetings,,2020-03-04 22:50:36 UTC,,Waverly Heights Congregational United Church of Christ - 3300 SE Woodward Street,,2021-07-12 15:00:00 UTC,A,,<p>No meeting in January.</p>,https://www.portlandoregon.gov/civic/article/755424,Richmond
NW and Inner SW Events,778599,2,2021-07-13 02:30:00 UTC,Arlington Heights NA Board Meeting,Neighborhood/Business Association Meeting,,2020-11-19 00:48:26 UTC,,"virtual, contact president@arlingtonheightspdx.org ",,2021-07-13 01:00:00 UTC,A,,"<p>virtual, contact president@arlingtonheightspdx.org for meeting access</p>",https://www.portlandoregon.gov/civic/article/778599,Arlington Heights
SE Events,755468,2,2021-07-13 04:00:00 UTC,Montavilla NA Board Meeting,Community Events,,2020-03-04 23:09:26 UTC,,"Montavilla United Methodist Church, 232 SE 80th",,2021-07-13 01:30:00 UTC,A,,,https://www.portlandoregon.gov/civic/article/755468,Montavilla
North Events,594416,2,2021-07-13 03:30:00 UTC,St Johns Neighborhood Association General Mtg,Community Events,,2021-05-17 17:28:06 UTC,,See stjohnspdx.org for virtual meeting information,2021-05-17 17:28:06 UTC,2021-07-13 02:00:00 UTC,A,,,https://www.portlandoregon.gov/civic/article/594416,St. Johns
Central NE Events,707382,2,2021-07-13 03:30:00 UTC,Beaumont-Wilshire Neighborhood Association (BWNA) Board Meeting,Neighborhood/Business Association Meeting,,2021-01-28 21:40:40 UTC,,"Bethany Lutheran Church, N.E. 37th & Skidmore (entrance on 37th side of church)",2017-04-20 20:08:00 UTC,2021-07-13 02:00:00 UTC,A,,,https://www.portlandoregon.gov/civic/article/707382,Beaumont-Wilshire
SE Events,755511,2,2021-07-14 03:00:00 UTC,Reed NA Meeting,Meetings,,2020-03-04 23:11:31 UTC,,Reed College Performing Arts Building - 3203 SE Woodstock Boulevard,,2021-07-14 01:30:00 UTC,A,,,https://www.portlandoregon.gov/civic/article/755511,Reed
Central NE Events,780529,2,2021-07-14 03:00:00 UTC,Sumner Association of Neighbors (SAN) Board Meeting,Neighborhood/Business Association Meeting,,2021-01-28 21:41:03 UTC,,4415 NE 87th Ave,2021-01-27 23:14:00 UTC,2021-07-14 01:30:00 UTC,A,,,https://www.portlandoregon.gov/civic/article/780529,Sumner
SE Events,756043,2,2021-07-14 04:00:00 UTC,Laurelhurst NA Meeting,Meetings,,2021-05-26 19:55:32 UTC,,"All Saints Church, 3847 NE Glisan Street",2021-05-26 19:55:32 UTC,2021-07-14 02:00:00 UTC,A,,,https://www.portlandoregon.gov/civic/article/756043,Laurelhurst
SW Events,766879,2,2021-07-14 03:00:00 UTC,Multnomah Neighborhood Association,Neighborhood/Business Association Meeting,,2020-10-05 19:49:57 UTC,,Virtual - see swni.org/calendar for details,,2021-07-14 02:00:00 UTC,A,"Contact Maria Thi Mai, multnomah-president@swni.org.  Website: multnomah.swni.org",,https://www.portlandoregon.gov/civic/article/766879,Multnomah
Central NE Events,780782,2,2021-07-14 04:00:00 UTC,Cully Association of Neighbors (CAN) General Meeting,Neighborhood/Business Association Meeting,,2021-02-01 22:16:59 UTC,,,2021-02-01 22:16:00 UTC,2021-07-14 02:00:00 UTC,A,,,https://www.portlandoregon.gov/civic/article/780782,Cully
SE Events,755551,2,2021-07-15 03:30:00 UTC,Brooklyn Actions Corps General Meeting,Community Events,,2020-03-04 23:18:37 UTC,,Thelma Skelton Meals on Wheels Center 3925 Southeast Milwaukie Avenue,,2021-07-15 01:30:00 UTC,A,,"<p>Board meetings:The Brooklyn Action Corps Board meets on the second Wednesday of every month at 6:30 PM, Thelma Skelton Meals on Wheels Center 3925 Southeast Milwaukie Avenue</p>
<p>General Meetings: The Brooklyn Action Corps meets on the fourth Wednesday of odd months at 7 PM, Thelma Skelton Meals on Wheels Center 3925 Southeast Milwaukie Avenue</p>",https://www.portlandoregon.gov/civic/article/755551,Brooklyn
SW Events,767981,2,2021-07-15 03:30:00 UTC,Bridlemile Neighborhood Association,Neighborhood/Business Association Meeting,,2020-11-01 23:22:39 UTC,,Virtual - see swni.org/calendar for details,,2021-07-15 02:00:00 UTC,A,"Contact Richard Freimark, bridlemile-president@swni.org. Website: bridlemile.swni.org",,https://www.portlandoregon.gov/civic/article/767981,Bridlemile
SW Events,779828,2,2021-07-15 03:00:00 UTC,Crestwood Neighborhood Association,Neighborhood/Business Association Meeting,,2021-01-04 19:21:58 UTC,,Virtual - see swni.org/calendar for details,,2021-07-15 02:00:00 UTC,A,Contact: contact-crestwood@swni.org,,https://www.portlandoregon.gov/civic/article/779828,Crestwood
SE Events,755902,2,2021-07-16 04:00:00 UTC,Eastmoreland  NA General Meeting,Meetings,,2021-05-20 23:24:34 UTC,,"Duniway School Library, 7700 SE Reed College Place",2019-10-21 20:15:00 UTC,2021-07-16 02:00:00 UTC,A,,"<p>The Eastmoreland Neighborhood Association meets on the third Thursday of each month at 7 PM, Duniway School Library, 7700 SE Reed College Place.</p>
<p>No meetings in June, July and August.</p>",https://www.portlandoregon.gov/civic/article/755902,Eastmoreland
SE Events,755937,2,2021-07-16 04:00:00 UTC,South Tabor NA General Mtg,Meetings,,2020-03-05 00:19:03 UTC,,"Trinity Church, 2700 SE 67th Ave. ",,2021-07-16 02:00:00 UTC,A,,"<p>SOUTH TABOR NEIGHBORHOOD ASSOCIATION MEETINGS are held on the third Thursday of each month at Trinity Church, 2700 SE 67th Ave., at 7pm. Everyone is welcome to attend.</p>
<p>&nbsp;</p>
<p><a href=""http://www.southtabor.org/index.html"">http://www.southtabor.org/index.html</a></p>",https://www.portlandoregon.gov/civic/article/755937,South Tabor
NW and Inner SW Events,778625,2,2021-07-16 04:00:00 UTC,Goose Hollow Foothills League Neighborhood Meeting,Neighborhood/Business Association Meeting,,2020-11-19 01:44:57 UTC,,virtual,,2021-07-16 02:00:00 UTC,A,,<p>contact info@goosehollow.org for meeting access</p>,https://www.portlandoregon.gov/civic/article/778625,Goose Hollow
Central NE Events,780783,2,2021-07-16 04:00:00 UTC,Rose City Park Neighborhood Association (RCPNA) Land Use/Transportation Meeting,Neighborhood/Business Association Meeting,,2021-02-01 22:17:37 UTC,,,2021-02-01 22:17:00 UTC,2021-07-16 02:00:00 UTC,A,,,https://www.portlandoregon.gov/civic/article/780783,Rose City Park
Inner NE Events,781849,2,2021-07-20 03:30:00 UTC,Eliot Neighborhood Association Meeting,Community Events,,2021-03-03 22:03:54 UTC,,,,2021-07-20 02:00:00 UTC,A,Eliot Neighborhood Association Meeting,<p>Please visit&nbsp;eliotneighborhood.org for zoom links/ meeting location.</p>,https://www.portlandoregon.gov/civic/article/781849,Eliot
NW and Inner SW Events,778858,2,2021-07-21 02:30:00 UTC,Pearl District Land Use & Transportation Meeting,Land Use Planning,,2020-11-25 03:03:51 UTC,,,,2021-07-21 01:00:00 UTC,A,,,https://www.portlandoregon.gov/civic/article/778858,Pearl District
SE Events,755728,2,2021-07-21 03:30:00 UTC,North Tabor NA General Meeting,Meetings,,2020-03-04 23:32:25 UTC,,"5600 NE Glisan St, Portland, OR 97213, USA",,2021-07-21 01:30:00 UTC,A,,"<p>The North Tabor Neighborhood Association meets on the third Tuesday of the month at 7 PM, 5600 NE Glisan.</p>",https://www.portlandoregon.gov/civic/article/755728,North Tabor
NW and Inner SW Events,778957,2,2021-07-21 03:00:00 UTC,Sylvan-Highlands NA Board Meeting,Neighborhood/Business Association Meeting,,2020-11-26 01:07:15 UTC,,,,2021-07-21 01:30:00 UTC,A,,,https://www.portlandoregon.gov/civic/article/778957,Sylvan-Highlands
Central NE Events,707437,2,2021-07-21 04:00:00 UTC,Grant Park Neighborhood Association (GPNA) General Meeting,Neighborhood/Business Association Meeting,,2021-01-28 21:43:13 UTC,,Grant Park Church 2728 NE 34th Ave,,2021-07-21 02:00:00 UTC,A,,,https://www.portlandoregon.gov/civic/article/707437,Grant Park
Central NE Events,707474,2,2021-07-21 04:00:00 UTC,Rose City Park Neighborhood Association (RCPNA) General Meeting,Neighborhood/Business Association Meeting,,2021-01-28 21:42:31 UTC,,German American Society 5626 NE Alameda,,2021-07-21 02:00:00 UTC,A,,,https://www.portlandoregon.gov/civic/article/707474,Rose City Park
Central NE Events,780530,2,2021-07-21 03:30:00 UTC,Sumner Association of Neighbors (SAN) General Meeting,Neighborhood/Business Association Meeting,,2021-01-28 21:41:27 UTC,,4415 NE 87th Ave,2021-01-27 23:15:00 UTC,2021-07-21 02:00:00 UTC,A,,,https://www.portlandoregon.gov/civic/article/780530,Sumner
NW and Inner SW Events,778822,2,2021-07-22 00:00:00 UTC,Old Town Land Use Committee Meeting ,Land Use Planning,,2020-11-25 03:05:10 UTC,,,2020-11-25 03:05:09 UTC,2021-07-21 22:30:00 UTC,A,,<p>contact for meeting access planning@pdxoldtown.org&nbsp;</p>,https://www.portlandoregon.gov/civic/article/778822,Old Town
SE Events,755799,2,2021-07-22 04:00:00 UTC,Mt. Tabor NA General Meeting,Meetings,,2020-03-05 00:06:52 UTC,,"Presbyterian Church, 5441 SE Belmont",,2021-07-22 02:00:00 UTC,A,,<p>Mt Tabor neighborhood association general meeting. No meetings in December.</p>,https://www.portlandoregon.gov/civic/article/755799,Mt. Tabor
Central NE Events,780590,2,2021-07-23 04:00:00 UTC,Hollywood Neighborhood Association (HNA) General Meeting,Neighborhood/Business Association Meeting,,2021-01-28 21:43:47 UTC,,,2021-01-28 20:54:00 UTC,2021-07-23 02:00:00 UTC,A,,,https://www.portlandoregon.gov/civic/article/780590,Hollywood
SE Events,756008,2,2021-07-27 04:00:00 UTC,Creston-Kenilworth Board Meeting,Meetings,,2020-03-05 00:23:20 UTC,,"Shut Up and Eat, 3848 SE Gladstone St, Portland, OR 97202, USA",,2021-07-27 02:00:00 UTC,A,,,https://www.portlandoregon.gov/civic/article/756008,Creston-Kenilworth
Central NE Events,780828,2,2021-07-28 03:00:00 UTC,Cully Association of Neighbors (CAN) Board Meeting,Neighborhood/Business Association Meeting,,2021-02-02 21:04:25 UTC,,,2021-02-02 21:03:00 UTC,2021-07-28 01:00:00 UTC,A,,,https://www.portlandoregon.gov/civic/article/780828,Cully
SW Events,779889,2,2021-07-28 03:45:00 UTC,Far Southwest Neighborhood Association,Neighborhood/Business Association Meeting,,2021-01-04 20:38:05 UTC,,Virtual - see swni.org/calendar for details,,2021-07-28 02:00:00 UTC,A,"Conatct: George Vranas, george@farswpdx.org. Website: https://swni.org/far-southwest",,https://www.portlandoregon.gov/civic/article/779889,Far Southwest
North Events,594356,2,2021-07-28 23:30:00 UTC,St Johns Neighborhood Association Board,Community Events,,2021-05-17 17:54:05 UTC,,See stjohnspdx.org for virtual meeting information,2020-03-16 18:26:00 UTC,2021-07-28 21:00:00 UTC,A,,,https://www.portlandoregon.gov/civic/article/594356,St. Johns
SW Events,779903,2,2021-07-29 04:00:00 UTC,"Southwest Neighborhoods, Inc. Board",Neighborhood/Business Association Meeting,,2021-01-04 20:40:44 UTC,,Virtual - see swni.org/calendar for details,,2021-07-29 02:00:00 UTC,A,"Contact Leslie Hammond, president@swni.org. Website: https://swni.org/board",,https://www.portlandoregon.gov/civic/article/779903,Southwest
Inner NE Events,781865,2,2021-08-02 03:00:00 UTC,Northeast Coalition of Neighborhoods,Community Events,,2021-03-03 22:32:38 UTC,,email for meeting link/ location,,2021-08-02 01:30:00 UTC,A,Northeast Coalition of Neighborhoods,"<p>Visit www.necoalition.org or email info@necoaltion.org for details, agendas and meeting links</p>",https://www.portlandoregon.gov/civic/article/781865,Northeast
NW and Inner SW Events,778847,2,2021-08-04 02:30:00 UTC,Pearl District Land Use & Transportation Meeting,Land Use Planning,,2020-11-25 03:04:29 UTC,,,2020-11-25 03:04:29 UTC,2021-08-04 01:00:00 UTC,A,,<p>contact for meeting access planning@pearldistrict.org&nbsp;</p>,https://www.portlandoregon.gov/civic/article/778847,Pearl District
Inner NE Events,782039,2,2021-08-04 04:00:00 UTC,Sullivans Gulch Neighborhood Association Meetings,Neighborhood Event,,2021-03-06 00:04:17 UTC,,Check website for location,,2021-08-04 01:00:00 UTC,A,Sullivans Gulch Neighborhood Association,"<p>Sullivan's Gulch Neighborhood Association meets first Tuesdays at 7:30-9; LUTC meeting first Tuesdays, 6-7:30</p>
<div>Please check website for meeting location/Zoom link at&nbsp;<a href=""http://sullivansgulch.org/"" target=""_blank"" data-saferedirecturl=""https://www.google.com/url?q=http://SullivansGulch.org&amp;source=gmail&amp;ust=1615072014445000&amp;usg=AFQjCNF3qI6nVam1I2Mr_9FE1aVQzLCuww"">SullivansGulch.org</a></div>",https://www.portlandoregon.gov/civic/article/782039,Sullivan's Gulch
Inner NE Events,782026,2,2021-08-04 03:00:00 UTC,King Neighborhood Association,Neighborhood Event,,2021-03-05 23:59:23 UTC,,Check website for location,,2021-08-04 01:30:00 UTC,A,King Neighborhood Association,"<p>King Neighborhood Association meets&nbsp;<strong>first Tuesday</strong>&nbsp;of every month 6:30PM-8PM. Please visit&nbsp;https://kingneighborhood.org/ for more information, location/ meeting links.&nbsp;</p>",https://www.portlandoregon.gov/civic/article/782026,King
North Events,783701,2,2021-08-04 02:30:00 UTC,Overlook Neighborhood Association Board,Community Events,,2021-05-17 18:10:18 UTC,,See overlookneighborhood.org for access to virtual meeting information,,2021-08-04 01:30:00 UTC,A,,,https://www.portlandoregon.gov/civic/article/783701,Overlook
SW Events,779819,2,2021-08-04 04:00:00 UTC,Homestead Neighborhood Association,Neighborhood/Business Association Meeting,,2021-01-04 18:58:57 UTC,,Virtual - see swni.org/calendar for details,,2021-08-04 02:00:00 UTC,A,Contact: contact@homesteadna.org. Website: homesteadna.org,,https://www.portlandoregon.gov/civic/article/779819,Homestead
Central NE Events,780830,2,2021-08-04 04:00:00 UTC,Rose City Park (RCPNA) Board Meeting,Neighborhood/Business Association Meeting,,2021-02-02 21:12:37 UTC,,,2021-02-02 21:12:00 UTC,2021-08-04 02:00:00 UTC,A,,,https://www.portlandoregon.gov/civic/article/780830,Rose City Park
NW and Inner SW Events,778811,2,2021-08-04 20:30:00 UTC,Old Town Community Association Board Meeting,Neighborhood/Business Association Meeting,,2021-06-02 18:17:40 UTC,,,2020-11-25 02:54:00 UTC,2021-08-04 18:30:00 UTC,A,,<p>contact for meeting access chair@PDXoldtown.org&nbsp;</p>,https://www.portlandoregon.gov/civic/article/778811,Old Town
North Events,756669,2,2021-08-05 03:00:00 UTC,North Portland Parks Advisory Group,Community Events,,2021-05-17 17:46:59 UTC,,See northportlandparksadvisorygroup.org for virtual meeting information,2021-05-17 17:46:59 UTC,2021-08-05 01:00:00 UTC,A,Supporting parks in North Portland,,https://www.portlandoregon.gov/civic/article/756669,North
SE Events,755101,2,2021-08-05 03:30:00 UTC,Mt Scott Arletta NA General Meeting,Meetings,,2020-03-04 21:51:26 UTC,,"Mt Scott Community Center & Pool, 5530 SE 72nd Ave, Portland, OR 97206, USA",,2021-08-05 01:30:00 UTC,A,Mt. Scott Arleta Neighborhood Association General Meeting,"<p>The Mt. Scott-Arleta Neighborhood Association meets on the first Wednesday of the month at 6:30 PM, Mt. Scott Community Center, 5530 SE 72nd Avenue.</p>
<p>No meeting in August.</p>",https://www.portlandoregon.gov/civic/article/755101,Mt. Scott
Inner NE Events,781828,2,2021-08-05 03:00:00 UTC,Concordia Neighborhood Association ,Community Events,,2021-03-03 21:55:52 UTC,,Check website for location,,2021-08-05 01:30:00 UTC,A,Concordia Neighborhood Association,"<p>Please visit&nbsp;http://concordiapdx.org/ for more info or&nbsp;www.facebook.com/groups/ConcordiaPDX/<a href=""https://www.facebook.com/groups/ConcordiaPDX/""><br /></a></p>",https://www.portlandoregon.gov/civic/article/781828,Concordia
Inner NE Events,781833,2,2021-08-05 03:00:00 UTC,Concordia Neighborhood Association ,Community Events,,2021-03-03 21:56:00 UTC,,Check website for location,,2021-08-05 01:30:00 UTC,A,Concordia Neighborhood Association,"<p>Please visit&nbsp;http://concordiapdx.org/ for more info or&nbsp;www.facebook.com/groups/ConcordiaPDX/<a href=""https://www.facebook.com/groups/ConcordiaPDX/""><br /></a></p>",https://www.portlandoregon.gov/civic/article/781833,Concordia
SE Events,755135,2,2021-08-05 03:00:00 UTC,Woodstock NA Meeting,Meetings,,2020-03-04 21:57:34 UTC,,"Woodstock Community Center, 5905 SE 43rd Ave, Portland, OR",,2021-08-05 02:00:00 UTC,A,Woodstock neighborhood association general meeting,"<p>For more information, please visit: <a href=""http://woodstockpdx.org/"">http://woodstockpdx.org/</a></p>",https://www.portlandoregon.gov/civic/article/755135,Woodstock
SW Events,767972,2,2021-08-05 04:00:00 UTC,South Portland Neighborhood Association,Neighborhood/Business Association Meeting,,2020-11-01 23:19:39 UTC,,Virtual - see swni.org/calendar for details,,2021-08-05 02:00:00 UTC,A,"Contact Michael Kaplan, president@southportlandna.org. Website: southportlandna.org",,https://www.portlandoregon.gov/civic/article/767972,South
SE Events,755344,2,2021-08-06 04:00:00 UTC,Brentwood Darlington NA Meeting,Community Events,,2020-03-04 22:37:23 UTC,,"Brentwood-Darlington Community Center, 7211 SE 62nd Avenue, Portland, OR, United States",,2021-08-06 02:00:00 UTC,A,,"<p><span style=""font-size: 1.1em;"">The Brentwood-Darlington Neighborhood Association meets on the first Thursday of the month at 7 PM, Brentwood-Darlington Community Center, 7211 SE 62nd Avenue. Anyone with an interest in the Brentwood-Darlington neighborhood is welcome to join us. There is time each meeting for new business or to deal with livability issues neighbors are experiencing. Please join us.</span></p>",https://www.portlandoregon.gov/civic/article/755344,Brentwood
SE Events,755383,2,2021-08-10 03:30:00 UTC,Foster-Powell NA Meetings,Meetings,,2020-03-04 22:46:36 UTC,,TBD - Check www.fosterpowell.com for location,,2021-08-09 13:30:00 UTC,A,,"<p>The Foster-Powell Neighborhood Association meets on the second Monday of the month at 6:30 PM, 5339 SE Foster Rd, Portland, OR 97206</p>
<p>&nbsp;</p>
<p>No meeting held in August.</p>",https://www.portlandoregon.gov/civic/article/755383,Foster-Powell
SE Events,755425,2,2021-08-10 00:00:00 UTC,Richmond NA Board Meeting,Meetings,,2020-03-04 22:50:38 UTC,,Waverly Heights Congregational United Church of Christ - 3300 SE Woodward Street,,2021-08-09 15:00:00 UTC,A,,<p>No meeting in January.</p>,https://www.portlandoregon.gov/civic/article/755425,Richmond
NW and Inner SW Events,778600,2,2021-08-10 02:30:00 UTC,Arlington Heights NA Board Meeting,Neighborhood/Business Association Meeting,,2020-11-19 00:48:28 UTC,,"virtual, contact president@arlingtonheightspdx.org ",,2021-08-10 01:00:00 UTC,A,,"<p>virtual, contact president@arlingtonheightspdx.org for meeting access</p>",https://www.portlandoregon.gov/civic/article/778600,Arlington Heights
SE Events,755469,2,2021-08-10 04:00:00 UTC,Montavilla NA Board Meeting,Community Events,,2020-03-04 23:09:29 UTC,,"Montavilla United Methodist Church, 232 SE 80th",,2021-08-10 01:30:00 UTC,A,,,https://www.portlandoregon.gov/civic/article/755469,Montavilla
North Events,594417,2,2021-08-10 03:30:00 UTC,St Johns Neighborhood Association General Mtg,Community Events,,2021-05-17 17:28:09 UTC,,See stjohnspdx.org for virtual meeting information,2021-05-17 17:28:08 UTC,2021-08-10 02:00:00 UTC,A,,,https://www.portlandoregon.gov/civic/article/594417,St. Johns
Central NE Events,708566,2,2021-08-10 03:30:00 UTC,Beaumont-Wilshire Neighborhood Association (BWNA) General Meeting,Neighborhood/Business Association Meeting,,2021-01-28 21:44:16 UTC,," Bethany Lutheran Church, basement activity room, N.E. Skidmore & 37th",2019-01-03 00:00:00 UTC,2021-08-10 02:00:00 UTC,A,,,https://www.portlandoregon.gov/civic/article/708566,Beaumont-Wilshire
SE Events,755512,2,2021-08-11 03:00:00 UTC,Reed NA Meeting,Meetings,,2020-03-04 23:11:33 UTC,,Reed College Performing Arts Building - 3203 SE Woodstock Boulevard,,2021-08-11 01:30:00 UTC,A,,,https://www.portlandoregon.gov/civic/article/755512,Reed
SE Events,756044,2,2021-08-11 04:00:00 UTC,Laurelhurst NA Meeting,Meetings,,2021-05-26 19:55:35 UTC,,"All Saints Church, 3847 NE Glisan Street",2021-05-26 19:55:35 UTC,2021-08-11 02:00:00 UTC,A,,,https://www.portlandoregon.gov/civic/article/756044,Laurelhurst
Central NE Events,780831,2,2021-08-11 04:00:00 UTC,Cully Association of Neighbors (CAN) Board Meeting,Neighborhood/Business Association Meeting,,2021-02-02 21:13:15 UTC,,,2021-02-02 21:12:00 UTC,2021-08-11 02:00:00 UTC,A,,,https://www.portlandoregon.gov/civic/article/780831,Cully
SE Events,755552,2,2021-08-12 03:30:00 UTC,Brooklyn Actions Corps General Meeting,Community Events,,2020-03-04 23:18:39 UTC,,Thelma Skelton Meals on Wheels Center 3925 Southeast Milwaukie Avenue,,2021-08-12 01:30:00 UTC,A,,"<p>Board meetings:The Brooklyn Action Corps Board meets on the second Wednesday of every month at 6:30 PM, Thelma Skelton Meals on Wheels Center 3925 Southeast Milwaukie Avenue</p>
<p>General Meetings: The Brooklyn Action Corps meets on the fourth Wednesday of odd months at 7 PM, Thelma Skelton Meals on Wheels Center 3925 Southeast Milwaukie Avenue</p>",https://www.portlandoregon.gov/civic/article/755552,Brooklyn
SW Events,767982,2,2021-08-12 03:30:00 UTC,Bridlemile Neighborhood Association,Neighborhood/Business Association Meeting,,2020-11-01 23:22:41 UTC,,Virtual - see swni.org/calendar for details,,2021-08-12 02:00:00 UTC,A,"Contact Richard Freimark, bridlemile-president@swni.org. Website: bridlemile.swni.org",,https://www.portlandoregon.gov/civic/article/767982,Bridlemile
SW Events,767992,2,2021-08-13 03:00:00 UTC,Marshall Park Neighborhood Association,Neighborhood/Business Association Meeting,,2020-11-01 23:27:30 UTC,,Virtual - see swni.org/calendar for details,,2021-08-13 01:00:00 UTC,A,"Contact Mike Charles, marshallparkchair@swni.org. Website: https://swni.org/marshallpark",,https://www.portlandoregon.gov/civic/article/767992,Marshall Park
NW and Inner SW Events,778835,2,2021-08-13 03:00:00 UTC,Pearl District Board Meeting,Neighborhood/Business Association Meeting,,2020-11-25 02:58:58 UTC,,,,2021-08-13 01:00:00 UTC,A,,<p>contact for meeting access communications@pearldistrict.org&nbsp;</p>,https://www.portlandoregon.gov/civic/article/778835,Pearl District
SE Events,755615,2,2021-08-13 04:00:00 UTC,Buckman NA Meeting,Meetings,,2020-03-04 23:21:42 UTC,,Multnomah County Boardroom (501 SE Hawthorne Blvd),,2021-08-13 02:00:00 UTC,A,,"<p>The Buckman Neighborhood Association meetings take place on the second Thursday of every month (unless otherwise noted).</p>
<p>The board meeting goes from 6:20-7:00pm, and the general meeting runs from 7:00-9:00pm. Both meetings are open to anyone interested in attending.</p>",https://www.portlandoregon.gov/civic/article/755615,Buckman
SE Events,755669,2,2021-08-13 04:00:00 UTC,Sunnyside NA Board Meeting,Meetings,,2020-03-04 23:24:01 UTC,,SE Uplift 3534 SE Main St. Portland OR 97214,,2021-08-13 02:00:00 UTC,A,,"<p>The Sunnyside Neighborhood Association meets on the second Thursday of the month at 7:30 PM, SE Uplift, 3534 SE Main.</p>",https://www.portlandoregon.gov/civic/article/755669,Sunnyside
Inner NE Events,781850,2,2021-08-17 03:30:00 UTC,Eliot Neighborhood Association Meeting,Community Events,,2021-03-03 22:03:57 UTC,,,,2021-08-17 02:00:00 UTC,A,Eliot Neighborhood Association Meeting,<p>Please visit&nbsp;eliotneighborhood.org for zoom links/ meeting location.</p>,https://www.portlandoregon.gov/civic/article/781850,Eliot
NW and Inner SW Events,778859,2,2021-08-18 02:30:00 UTC,Pearl District Land Use & Transportation Meeting,Land Use Planning,,2020-11-25 03:03:53 UTC,,,,2021-08-18 01:00:00 UTC,A,,,https://www.portlandoregon.gov/civic/article/778859,Pearl District
SE Events,755729,2,2021-08-18 03:30:00 UTC,North Tabor NA General Meeting,Meetings,,2020-03-04 23:32:27 UTC,,"5600 NE Glisan St, Portland, OR 97213, USA",,2021-08-18 01:30:00 UTC,A,,"<p>The North Tabor Neighborhood Association meets on the third Tuesday of the month at 7 PM, 5600 NE Glisan.</p>",https://www.portlandoregon.gov/civic/article/755729,North Tabor
NW and Inner SW Events,778958,2,2021-08-18 03:00:00 UTC,Sylvan-Highlands NA Board Meeting,Neighborhood/Business Association Meeting,,2020-11-26 01:07:16 UTC,,,,2021-08-18 01:30:00 UTC,A,,,https://www.portlandoregon.gov/civic/article/778958,Sylvan-Highlands
Central NE Events,780832,2,2021-08-18 04:00:00 UTC,Cully Association of Neighbors (CAN) Land Use Meeting,Neighborhood/Business Association Meeting,,2021-02-02 21:13:54 UTC,,,2021-02-02 21:13:00 UTC,2021-08-18 02:00:00 UTC,A,,,https://www.portlandoregon.gov/civic/article/780832,Cully
NW and Inner SW Events,778823,2,2021-08-19 00:00:00 UTC,Old Town Land Use Committee Meeting ,Land Use Planning,,2020-11-25 03:05:12 UTC,,,2020-11-25 03:05:12 UTC,2021-08-18 22:30:00 UTC,A,,<p>contact for meeting access planning@pdxoldtown.org&nbsp;</p>,https://www.portlandoregon.gov/civic/article/778823,Old Town
SE Events,755800,2,2021-08-19 04:00:00 UTC,Mt. Tabor NA General Meeting,Meetings,,2020-03-05 00:06:55 UTC,,"Presbyterian Church, 5441 SE Belmont",,2021-08-19 02:00:00 UTC,A,,<p>Mt Tabor neighborhood association general meeting. No meetings in December.</p>,https://www.portlandoregon.gov/civic/article/755800,Mt. Tabor
SE Events,755903,2,2021-08-20 04:00:00 UTC,Eastmoreland  NA General Meeting,Meetings,,2021-05-20 23:24:36 UTC,,"Duniway School Library, 7700 SE Reed College Place",2019-11-25 20:15:00 UTC,2021-08-20 02:00:00 UTC,A,,"<p>The Eastmoreland Neighborhood Association meets on the third Thursday of each month at 7 PM, Duniway School Library, 7700 SE Reed College Place.</p>
<p>No meetings in June, July and August.</p>",https://www.portlandoregon.gov/civic/article/755903,Eastmoreland
SE Events,755938,2,2021-08-20 04:00:00 UTC,South Tabor NA General Mtg,Meetings,,2020-03-05 00:19:05 UTC,,"Trinity Church, 2700 SE 67th Ave. ",,2021-08-20 02:00:00 UTC,A,,"<p>SOUTH TABOR NEIGHBORHOOD ASSOCIATION MEETINGS are held on the third Thursday of each month at Trinity Church, 2700 SE 67th Ave., at 7pm. Everyone is welcome to attend.</p>
<p>&nbsp;</p>
<p><a href=""http://www.southtabor.org/index.html"">http://www.southtabor.org/index.html</a></p>",https://www.portlandoregon.gov/civic/article/755938,South Tabor
Central NE Events,780833,2,2021-08-20 04:00:00 UTC,Rose City Park Neighborhood Association (RCPNA) Land Use/Transportation Meeting,Neighborhood/Business Association Meeting,,2021-02-02 21:14:31 UTC,,,2021-02-02 21:14:00 UTC,2021-08-20 02:00:00 UTC,A,,,https://www.portlandoregon.gov/civic/article/780833,Rose City Park
SE Events,756009,2,2021-08-24 04:00:00 UTC,Creston-Kenilworth Board Meeting,Meetings,,2020-03-05 00:23:22 UTC,,"Shut Up and Eat, 3848 SE Gladstone St, Portland, OR 97202, USA",,2021-08-24 02:00:00 UTC,A,,,https://www.portlandoregon.gov/civic/article/756009,Creston-Kenilworth
Central NE Events,780834,2,2021-08-25 03:00:00 UTC,Cully Association of Neighbors (CAN) Board Meeting,Neighborhood/Business Association Meeting,,2021-02-02 21:15:04 UTC,,,2021-02-02 21:14:00 UTC,2021-08-25 01:00:00 UTC,A,,,https://www.portlandoregon.gov/civic/article/780834,Cully
North Events,594357,2,2021-08-25 23:30:00 UTC,St Johns Neighborhood Association Board,Community Events,,2021-05-17 17:54:07 UTC,,See stjohnspdx.org for virtual meeting information,2020-04-13 18:26:00 UTC,2021-08-25 21:00:00 UTC,A,,,https://www.portlandoregon.gov/civic/article/594357,St. Johns
NW and Inner SW Events,778812,2,2021-09-01 20:30:00 UTC,Old Town Community Association Board Meeting,Neighborhood/Business Association Meeting,,2021-06-02 18:17:24 UTC,,,2020-11-25 02:54:00 UTC,2021-09-01 18:30:00 UTC,A,,<p>contact for meeting access chair@PDXoldtown.org&nbsp;</p>,https://www.portlandoregon.gov/civic/article/778812,Old Town
North Events,756671,2,2021-09-02 03:00:00 UTC,North Portland Parks Advisory Group,Community Events,,2021-05-17 17:47:02 UTC,,See northportlandparksadvisorygroup.org for virtual meeting information,2021-05-17 17:47:02 UTC,2021-09-02 01:00:00 UTC,A,Supporting parks in North Portland,,https://www.portlandoregon.gov/civic/article/756671,North
SE Events,755102,2,2021-09-02 03:30:00 UTC,Mt Scott Arletta NA General Meeting,Meetings,,2020-03-04 21:51:28 UTC,,"Mt Scott Community Center & Pool, 5530 SE 72nd Ave, Portland, OR 97206, USA",,2021-09-02 01:30:00 UTC,A,Mt. Scott Arleta Neighborhood Association General Meeting,"<p>The Mt. Scott-Arleta Neighborhood Association meets on the first Wednesday of the month at 6:30 PM, Mt. Scott Community Center, 5530 SE 72nd Avenue.</p>
<p>No meeting in August.</p>",https://www.portlandoregon.gov/civic/article/755102,Mt. Scott
Inner NE Events,781830,2,2021-09-02 03:00:00 UTC,Concordia Neighborhood Association ,Community Events,,2021-03-03 21:55:55 UTC,,Check website for location,,2021-09-02 01:30:00 UTC,A,Concordia Neighborhood Association,"<p>Please visit&nbsp;http://concordiapdx.org/ for more info or&nbsp;www.facebook.com/groups/ConcordiaPDX/<a href=""https://www.facebook.com/groups/ConcordiaPDX/""><br /></a></p>",https://www.portlandoregon.gov/civic/article/781830,Concordia
Inner NE Events,781836,2,2021-09-02 03:00:00 UTC,Concordia Neighborhood Association ,Community Events,,2021-03-03 21:56:03 UTC,,Check website for location,,2021-09-02 01:30:00 UTC,A,Concordia Neighborhood Association,"<p>Please visit&nbsp;http://concordiapdx.org/ for more info or&nbsp;www.facebook.com/groups/ConcordiaPDX/<a href=""https://www.facebook.com/groups/ConcordiaPDX/""><br /></a></p>",https://www.portlandoregon.gov/civic/article/781836,Concordia
Inner NE Events,781866,2,2021-09-02 03:00:00 UTC,Northeast Coalition of Neighborhoods,Community Events,,2021-03-03 22:32:41 UTC,,email for meeting link/ location,,2021-09-02 01:30:00 UTC,A,Northeast Coalition of Neighborhoods,"<p>Visit www.necoalition.org or email info@necoaltion.org for details, agendas and meeting links</p>",https://www.portlandoregon.gov/civic/article/781866,Northeast
SE Events,755136,2,2021-09-02 03:00:00 UTC,Woodstock NA Meeting,Meetings,,2020-03-04 21:57:36 UTC,,"Woodstock Community Center, 5905 SE 43rd Ave, Portland, OR",,2021-09-02 02:00:00 UTC,A,Woodstock neighborhood association general meeting,"<p>For more information, please visit: <a href=""http://woodstockpdx.org/"">http://woodstockpdx.org/</a></p>",https://www.portlandoregon.gov/civic/article/755136,Woodstock
Central NE Events,780531,2,2021-09-02 03:00:00 UTC,Central Northeast Neighbors (CNN) Board Meeting,Neighborhood/Business Association Meeting,,2021-01-28 21:49:51 UTC,,4415 NE 87th Ave,2021-01-27 23:16:00 UTC,2021-09-02 02:00:00 UTC,A,,,https://www.portlandoregon.gov/civic/article/780531,Northeast
SE Events,755345,2,2021-09-03 04:00:00 UTC,Brentwood Darlington NA Meeting,Community Events,,2020-03-04 22:37:24 UTC,,"Brentwood-Darlington Community Center, 7211 SE 62nd Avenue, Portland, OR, United States",,2021-09-03 02:00:00 UTC,A,,"<p><span style=""font-size: 1.1em;"">The Brentwood-Darlington Neighborhood Association meets on the first Thursday of the month at 7 PM, Brentwood-Darlington Community Center, 7211 SE 62nd Avenue. Anyone with an interest in the Brentwood-Darlington neighborhood is welcome to join us. There is time each meeting for new business or to deal with livability issues neighbors are experiencing. Please join us.</span></p>",https://www.portlandoregon.gov/civic/article/755345,Brentwood
NW and Inner SW Events,778848,2,2021-09-08 02:30:00 UTC,Pearl District Land Use & Transportation Meeting,Land Use Planning,,2020-11-25 03:04:31 UTC,,,2020-11-25 03:04:31 UTC,2021-09-08 01:00:00 UTC,A,,<p>contact for meeting access planning@pearldistrict.org&nbsp;</p>,https://www.portlandoregon.gov/civic/article/778848,Pearl District
Inner NE Events,782040,2,2021-09-08 04:00:00 UTC,Sullivans Gulch Neighborhood Association Meetings,Neighborhood Event,,2021-03-06 00:04:21 UTC,,Check website for location,,2021-09-08 01:00:00 UTC,A,Sullivans Gulch Neighborhood Association,"<p>Sullivan's Gulch Neighborhood Association meets first Tuesdays at 7:30-9; LUTC meeting first Tuesdays, 6-7:30</p>
<div>Please check website for meeting location/Zoom link at&nbsp;<a href=""http://sullivansgulch.org/"" target=""_blank"" data-saferedirecturl=""https://www.google.com/url?q=http://SullivansGulch.org&amp;source=gmail&amp;ust=1615072014445000&amp;usg=AFQjCNF3qI6nVam1I2Mr_9FE1aVQzLCuww"">SullivansGulch.org</a></div>",https://www.portlandoregon.gov/civic/article/782040,Sullivan's Gulch
Inner NE Events,782027,2,2021-09-08 03:00:00 UTC,King Neighborhood Association,Neighborhood Event,,2021-03-05 23:59:25 UTC,,Check website for location,,2021-09-08 01:30:00 UTC,A,King Neighborhood Association,"<p>King Neighborhood Association meets&nbsp;<strong>first Tuesday</strong>&nbsp;of every month 6:30PM-8PM. Please visit&nbsp;https://kingneighborhood.org/ for more information, location/ meeting links.&nbsp;</p>",https://www.portlandoregon.gov/civic/article/782027,King
North Events,783702,2,2021-09-08 02:30:00 UTC,Overlook Neighborhood Association Board,Community Events,,2021-05-17 18:10:21 UTC,,See overlookneighborhood.org for access to virtual meeting information,,2021-09-08 01:30:00 UTC,A,,,https://www.portlandoregon.gov/civic/article/783702,Overlook
SW Events,779820,2,2021-09-08 04:00:00 UTC,Homestead Neighborhood Association,Neighborhood/Business Association Meeting,,2021-01-04 18:58:59 UTC,,Virtual - see swni.org/calendar for details,,2021-09-08 02:00:00 UTC,A,Contact: contact@homesteadna.org. Website: homesteadna.org,,https://www.portlandoregon.gov/civic/article/779820,Homestead
NW and Inner SW Events,782224,2,2021-06-11 19:00:00 UTC,Community Conversation: Sparking Diversity Conversations,Seminar/Workshop/Class,,2021-06-02 18:09:51 UTC,,,2021-03-15 23:44:00 UTC,2021-06-11 18:00:00 UTC,A,,"<p>Take the opportunity to sit down with your neighbors and chat about what you&rsquo;d like to see in your neighborhood over a cup of coffee! NWNW&rsquo;s Community Caf&eacute; Conversations (C3) provide a prompt for lively conversation about what diversity, equity, and inclusion means to you and your neighborhood. Grab your beverage of choice and join us via Zoom!&nbsp;</p>
<p>The conversation topic for June is,&nbsp;&ldquo;How can we spark diversity conversations in our neighborhoods?&rdquo;</p>
<p>See&nbsp;<a href=""http://www.nwnw.org/calendar"">www.nwnw.org/calendar</a>&nbsp;for zoom link</p>",https://www.portlandoregon.gov/civic/article/782224,Northwest
NW and Inner SW Events,778944,2,2021-06-15 17:00:00 UTC,Downtown Land Use & Transportation Committee,Land Use Planning,,2020-11-26 00:52:18 UTC,,,,2021-06-15 15:00:00 UTC,A,,,https://www.portlandoregon.gov/civic/article/778944,Portland Downtown
East Events,751438,2,2021-06-17 03:30:00 UTC,East Portland Land Use and Transportation Committee,Community Events,,2020-01-13 22:16:53 UTC,,"EPCO | 1017 NE 117th Ave. Portland, OR 97220",2020-01-13 22:16:53 UTC,2021-06-17 01:30:00 UTC,A,,,https://www.portlandoregon.gov/civic/article/751438,Northeast
SE Events,755832,2,2021-06-17 04:00:00 UTC,SMILE NA Board Meeting,Meetings,,2020-03-05 00:09:54 UTC,,"SMILE Station, 8210 SE 13th Avenue",,2021-06-17 02:30:00 UTC,A,,,https://www.portlandoregon.gov/civic/article/755832,Sellwood-Moreland
NW and Inner SW Events,782225,2,2021-06-18 01:30:00 UTC,Community Conversation: Sparking Diversity Conversations,Seminar/Workshop/Class,,2021-03-16 00:00:48 UTC,,,2021-03-15 23:48:00 UTC,2021-06-18 00:30:00 UTC,A,,"<p>Take the opportunity to sit down with your neighbors and chat about what you&rsquo;d like to see in your neighborhood over a cup of coffee! NWNW&rsquo;s Community Caf&eacute; Conversations (C3) provide a prompt for lively conversation about what diversity, equity, and inclusion means to you and your neighborhood. Grab your beverage of choice and join us via Zoom!&nbsp;</p>
<p>The conversation topic for June is,&nbsp;&ldquo;How can we spark diversity conversations in our neighborhoods?&rdquo;</p>
<p>See&nbsp;<a href=""http://www.nwnw.org/calendar"">www.nwnw.org/calendar</a>&nbsp;for zoom link</p>",https://www.portlandoregon.gov/civic/article/782225,Northwest
NW and Inner SW Events,778659,2,2021-06-22 02:30:00 UTC,NW District Association Board Meeting,Neighborhood/Business Association Meeting,,2020-11-25 02:54:52 UTC,,,2020-11-25 02:54:52 UTC,2021-06-22 01:00:00 UTC,A,,<p>contact for meeting access&nbsp;president@northwestdistrictassociation.org&nbsp;</p>,https://www.portlandoregon.gov/civic/article/778659,Northwest District
SE Events,755694,2,2021-06-22 04:00:00 UTC,SE Uplift Land Use & Transportation Committee meeting,Land Use Planning,,2020-03-04 23:29:46 UTC,,"3534 SE Main St. Portland, OR 97214",,2021-06-22 02:00:00 UTC,A,,"<pre>The monthly SE Uplift Land Use and Transportation Committee (LUTC) meeting welcomes all residents, community organizations, and neighborhood Land Use/Transportation Representatives. <br />We hear from content experts on a variety of land use and transportation related topics, network, and keep in tune to projects happening in Southeast and across Portland. <br />The LUTC meets the third Monday of every month except in August and December. Contact Leah Fisher, Neighborhood Planning Program Manager if you'd like to request/propose an agenda item. </pre>
<p><br /><br /></p>",https://www.portlandoregon.gov/civic/article/755694,Southeast
NW and Inner SW Events,778869,2,2021-06-23 03:00:00 UTC,Downtown Neighborhood Association Meeting,Neighborhood/Business Association Meeting,,2020-11-25 03:25:23 UTC,,,,2021-06-23 01:00:00 UTC,A,,<p>contact for meeting access&nbsp;communications@portlanddowntownna.com&nbsp;</p>,https://www.portlandoregon.gov/civic/article/778869,Portland Downtown
Advisory Body Meetings,783802,2,2021-06-24 22:00:00 UTC,Providence Park Stadium Oversight Committee Meeting,Community Events,,2021-05-19 19:32:47 UTC,1.5 hours,Virtual (Zoom),2021-05-19 19:30:00 UTC,2021-06-24 20:30:00 UTC,A,,"<p><strong>NOTICE - PROVIDENCE PARK STADIUM OVERSIGHT COMMITTEE MEETING</strong></p>
<p>A public meeting of the Stadium Oversight Committee (SOC) will take place on Thursday, June 24, 2021, 1:30-3:00 p.m.</p>
<p><em><strong>Register in advance for this meeting:</strong></em><br /><strong>https://us02web.zoom.us/meeting/register/tZYvfuqtrD0tGdMQJXWiX3k5N7rr2ALDNt-w</strong></p>
<p>After registering, you will receive a confirmation email containing information about joining the meeting.</p>
<p>If you can&rsquo;t attend, but would like to submit comments, please email: spectatorfacilities@portlandoregon.gov.</p>
<p>The SOC will select a 5th member of the Stadium Oversight Committee. An agenda is pasted below and will be available on the Timbers website (www.timbers.com/content/stadium-oversight-committee).</p>
<p>Anyone may join the ""Interested Parties List"" to receive public notice. To join, please email spectatorfacilities@portlandoregon.gov and include your name, full email address, and business or personal association. Indicate in the subject line that you would like to be added to the Providence Park Stadium Oversight Committee Interested Parties List.</p>",https://www.portlandoregon.gov/civic/article/783802,Portland Downtown
NW and Inner SW Events,782226,2,2021-06-25 02:00:00 UTC,Creating an Equity Framework,Seminar/Workshop/Class,,2021-03-16 00:06:12 UTC,,virtual,2021-03-16 00:01:00 UTC,2021-06-25 00:30:00 UTC,A,,"<p>Want to start creating change in your neighborhood but don&rsquo;t know where to start? Enter NWNW&rsquo;s&nbsp;<em>Active Allies Workshops</em>, designed to help hone your skills of building equity and inclusion practices. These workshops are dedicated to empowering you through providing you with the DEI skills to have difficult conversations, educate others, and foster equity and diversity in your neighborhood!&nbsp;</p>
<p>&nbsp;</p>
<p><a href=""https://forms.gle/nSrNqANbaF6CGgrN9"">RSVP here to receive Zoom link</a></p>",https://www.portlandoregon.gov/civic/article/782226,Northwest
SE Events,755972,2,2021-06-29 00:00:00 UTC,Ardenwald Johnson-Creek NA Meeting,Meetings,,2021-05-20 22:57:10 UTC,,Milwaukie Caf and Bottleshop (9401 SE 32nd Ave),2021-05-20 22:57:10 UTC,2021-06-28 15:00:00 UTC,A,,"<p><a href=""http://www.ardenwald.org/"">http://www.ardenwald.org/</a></p>
<p>Regular neighborhood meetings are held on the fourth Monday of the month.&nbsp;&nbsp;In December, the Holiday Potluck takes place in lieu of the meeting.</p>
<p>&nbsp;</p>",https://www.portlandoregon.gov/civic/article/755972,Ardenwald-Johnson Creek
SE Events,755064,2,2021-07-06 04:00:00 UTC,SE Uplift Board Meeting,Meetings,,2020-03-04 21:35:07 UTC,,"3534 SE Main St. Portland, OR 97214",,2021-07-06 02:00:00 UTC,A,SE Uplift Neighborhood Coalition Board Meeting,"<p>SE Uplift is accessible via the 14, 15, 66 and 75 bus lines.&nbsp;</p>",https://www.portlandoregon.gov/civic/article/755064,Southeast
NW and Inner SW Events,778933,2,2021-07-06 17:00:00 UTC,Downtown Land Use & Transportation Committee,Land Use Planning,,2020-11-26 00:48:48 UTC,,,,2021-07-06 15:00:00 UTC,A,,,https://www.portlandoregon.gov/civic/article/778933,Portland Downtown
NW and Inner SW Events,778635,2,2021-07-08 04:00:00 UTC,GHFL Planning & Zoning Cmte,Land Use Planning,,2020-11-25 03:05:55 UTC,,virtual,2020-11-25 03:05:55 UTC,2021-07-08 02:00:00 UTC,A,,<p>contact info@goosehollow.org for meeting access</p>,https://www.portlandoregon.gov/civic/article/778635,Goose Hollow
SE Events,755168,2,2021-07-08 04:00:00 UTC,SMILE NA General Meeting,Meetings,,2020-03-04 22:03:21 UTC,,"SMILE Station, 8210 SE 13th Avenue",,2021-07-08 02:30:00 UTC,A,Sellwood-Moreland Neighborhood Association General Meeting,,https://www.portlandoregon.gov/civic/article/755168,Sellwood-Moreland
NW and Inner SW Events,778660,2,2021-07-20 02:30:00 UTC,NW District Association Board Meeting,Neighborhood/Business Association Meeting,,2020-11-25 02:54:55 UTC,,,2020-11-25 02:54:55 UTC,2021-07-20 01:00:00 UTC,A,,<p>contact for meeting access&nbsp;president@northwestdistrictassociation.org&nbsp;</p>,https://www.portlandoregon.gov/civic/article/778660,Northwest District
SE Events,755695,2,2021-07-20 04:00:00 UTC,SE Uplift Land Use & Transportation Committee meeting,Land Use Planning,,2020-03-04 23:29:48 UTC,,"3534 SE Main St. Portland, OR 97214",,2021-07-20 02:00:00 UTC,A,,"<pre>The monthly SE Uplift Land Use and Transportation Committee (LUTC) meeting welcomes all residents, community organizations, and neighborhood Land Use/Transportation Representatives. <br />We hear from content experts on a variety of land use and transportation related topics, network, and keep in tune to projects happening in Southeast and across Portland. <br />The LUTC meets the third Monday of every month except in August and December. Contact Leah Fisher, Neighborhood Planning Program Manager if you'd like to request/propose an agenda item. </pre>
<p><br /><br /></p>",https://www.portlandoregon.gov/civic/article/755695,Southeast
NW and Inner SW Events,778945,2,2021-07-20 17:00:00 UTC,Downtown Land Use & Transportation Committee,Land Use Planning,,2020-11-26 00:52:20 UTC,,,,2021-07-20 15:00:00 UTC,A,,,https://www.portlandoregon.gov/civic/article/778945,Portland Downtown
East Events,751439,2,2021-07-22 03:30:00 UTC,East Portland Land Use and Transportation Committee,Community Events,,2020-01-13 22:16:55 UTC,,"EPCO | 1017 NE 117th Ave. Portland, OR 97220",2020-01-13 22:16:55 UTC,2021-07-22 01:30:00 UTC,A,,,https://www.portlandoregon.gov/civic/article/751439,Northeast
SE Events,755833,2,2021-07-22 04:00:00 UTC,SMILE NA Board Meeting,Meetings,,2020-03-05 00:09:56 UTC,,"SMILE Station, 8210 SE 13th Avenue",,2021-07-22 02:30:00 UTC,A,,,https://www.portlandoregon.gov/civic/article/755833,Sellwood-Moreland
SE Events,755973,2,2021-07-27 00:00:00 UTC,Ardenwald Johnson-Creek NA Meeting,Meetings,,2021-05-20 22:57:12 UTC,,Milwaukie Caf and Bottleshop (9401 SE 32nd Ave),2021-05-20 22:57:12 UTC,2021-07-26 15:00:00 UTC,A,,"<p><a href=""http://www.ardenwald.org/"">http://www.ardenwald.org/</a></p>
<p>Regular neighborhood meetings are held on the fourth Monday of the month.&nbsp;&nbsp;In December, the Holiday Potluck takes place in lieu of the meeting.</p>
<p>&nbsp;</p>",https://www.portlandoregon.gov/civic/article/755973,Ardenwald-Johnson Creek
NW and Inner SW Events,778870,2,2021-07-28 03:00:00 UTC,Downtown Neighborhood Association Meeting,Neighborhood/Business Association Meeting,,2020-11-25 03:25:25 UTC,,,,2021-07-28 01:00:00 UTC,A,,<p>contact for meeting access&nbsp;communications@portlanddowntownna.com&nbsp;</p>,https://www.portlandoregon.gov/civic/article/778870,Portland Downtown
SE Events,755065,2,2021-08-03 04:00:00 UTC,SE Uplift Board Meeting,Meetings,,2020-03-04 21:35:09 UTC,,"3534 SE Main St. Portland, OR 97214",,2021-08-03 02:00:00 UTC,A,SE Uplift Neighborhood Coalition Board Meeting,"<p>SE Uplift is accessible via the 14, 15, 66 and 75 bus lines.&nbsp;</p>",https://www.portlandoregon.gov/civic/article/755065,Southeast
NW and Inner SW Events,778934,2,2021-08-03 17:00:00 UTC,Downtown Land Use & Transportation Committee,Land Use Planning,,2020-11-26 00:48:50 UTC,,,,2021-08-03 15:00:00 UTC,A,,,https://www.portlandoregon.gov/civic/article/778934,Portland Downtown
NW and Inner SW Events,778636,2,2021-08-05 04:00:00 UTC,GHFL Planning & Zoning Cmte,Land Use Planning,,2020-11-25 03:05:57 UTC,,virtual,2020-11-25 03:05:57 UTC,2021-08-05 02:00:00 UTC,A,,<p>contact info@goosehollow.org for meeting access</p>,https://www.portlandoregon.gov/civic/article/778636,Goose Hollow
SE Events,755169,2,2021-08-05 04:00:00 UTC,SMILE NA General Meeting,Meetings,,2020-03-04 22:03:23 UTC,,"SMILE Station, 8210 SE 13th Avenue",,2021-08-05 02:30:00 UTC,A,Sellwood-Moreland Neighborhood Association General Meeting,,https://www.portlandoregon.gov/civic/article/755169,Sellwood-Moreland
NW and Inner SW Events,778661,2,2021-08-17 02:30:00 UTC,NW District Association Board Meeting,Neighborhood/Business Association Meeting,,2020-11-25 02:54:57 UTC,,,2020-11-25 02:54:57 UTC,2021-08-17 01:00:00 UTC,A,,<p>contact for meeting access&nbsp;president@northwestdistrictassociation.org&nbsp;</p>,https://www.portlandoregon.gov/civic/article/778661,Northwest District
SE Events,755696,2,2021-08-17 04:00:00 UTC,SE Uplift Land Use & Transportation Committee meeting,Land Use Planning,,2020-03-04 23:29:50 UTC,,"3534 SE Main St. Portland, OR 97214",,2021-08-17 02:00:00 UTC,A,,"<pre>The monthly SE Uplift Land Use and Transportation Committee (LUTC) meeting welcomes all residents, community organizations, and neighborhood Land Use/Transportation Representatives. <br />We hear from content experts on a variety of land use and transportation related topics, network, and keep in tune to projects happening in Southeast and across Portland. <br />The LUTC meets the third Monday of every month except in August and December. Contact Leah Fisher, Neighborhood Planning Program Manager if you'd like to request/propose an agenda item. </pre>
<p><br /><br /></p>",https://www.portlandoregon.gov/civic/article/755696,Southeast
NW and Inner SW Events,778946,2,2021-08-17 17:00:00 UTC,Downtown Land Use & Transportation Committee,Land Use Planning,,2020-11-26 00:52:22 UTC,,,,2021-08-17 15:00:00 UTC,A,,,https://www.portlandoregon.gov/civic/article/778946,Portland Downtown
East Events,751440,2,2021-08-19 03:30:00 UTC,East Portland Land Use and Transportation Committee,Community Events,,2020-01-13 22:16:56 UTC,,"EPCO | 1017 NE 117th Ave. Portland, OR 97220",2020-01-13 22:16:56 UTC,2021-08-19 01:30:00 UTC,A,,,https://www.portlandoregon.gov/civic/article/751440,Northeast
SE Events,755834,2,2021-08-19 04:00:00 UTC,SMILE NA Board Meeting,Meetings,,2020-03-05 00:09:58 UTC,,"SMILE Station, 8210 SE 13th Avenue",,2021-08-19 02:30:00 UTC,A,,,https://www.portlandoregon.gov/civic/article/755834,Sellwood-Moreland
SE Events,755974,2,2021-08-24 00:00:00 UTC,Ardenwald Johnson-Creek NA Meeting,Meetings,,2021-05-20 22:57:15 UTC,,Milwaukie Caf and Bottleshop (9401 SE 32nd Ave),2021-05-20 22:57:15 UTC,2021-08-23 15:00:00 UTC,A,,"<p><a href=""http://www.ardenwald.org/"">http://www.ardenwald.org/</a></p>
<p>Regular neighborhood meetings are held on the fourth Monday of the month.&nbsp;&nbsp;In December, the Holiday Potluck takes place in lieu of the meeting.</p>
<p>&nbsp;</p>",https://www.portlandoregon.gov/civic/article/755974,Ardenwald-Johnson Creek
NW and Inner SW Events,778871,2,2021-08-25 03:00:00 UTC,Downtown Neighborhood Association Meeting,Neighborhood/Business Association Meeting,,2020-11-25 03:25:27 UTC,,,,2021-08-25 01:00:00 UTC,A,,<p>contact for meeting access&nbsp;communications@portlanddowntownna.com&nbsp;</p>,https://www.portlandoregon.gov/civic/article/778871,Portland Downtown
NW and Inner SW Events,778637,2,2021-09-02 04:00:00 UTC,GHFL Planning & Zoning Cmte,Land Use Planning,,2020-11-25 03:05:59 UTC,,virtual,2020-11-25 03:05:59 UTC,2021-09-02 02:00:00 UTC,A,,<p>contact info@goosehollow.org for meeting access</p>,https://www.portlandoregon.gov/civic/article/778637,Goose Hollow
SE Events,755170,2,2021-09-02 04:00:00 UTC,SMILE NA General Meeting,Meetings,,2020-03-04 22:03:26 UTC,,"SMILE Station, 8210 SE 13th Avenue",,2021-09-02 02:30:00 UTC,A,Sellwood-Moreland Neighborhood Association General Meeting,,https://www.portlandoregon.gov/civic/article/755170,Sellwood-Moreland
SE Events,755066,2,2021-09-07 04:00:00 UTC,SE Uplift Board Meeting,Meetings,,2020-03-04 21:35:12 UTC,,"3534 SE Main St. Portland, OR 97214",,2021-09-07 02:00:00 UTC,A,SE Uplift Neighborhood Coalition Board Meeting,"<p>SE Uplift is accessible via the 14, 15, 66 and 75 bus lines.&nbsp;</p>",https://www.portlandoregon.gov/civic/article/755066,Southeast
NW and Inner SW Events,778935,2,2021-09-07 17:00:00 UTC,Downtown Land Use & Transportation Committee,Land Use Planning,,2020-11-26 00:48:52 UTC,,,,2021-09-07 15:00:00 UTC,A,,,https://www.portlandoregon.gov/civic/article/778935,Portland Downtown
SE Events,755761,2,2021-06-16 04:00:00 UTC,Hosford Abernethy NA General Meeting,Meetings,,2020-03-04 23:34:29 UTC,,"Carvlin Hall, St Philip Neri Campus, 2408 SE 16th Ave",,2021-06-16 02:00:00 UTC,A,,"<p>Hosford Abernethy Neighborhood Development meets on the third Tuesday of the month at 7 PM, St. Phillip Neri Church, 2408 SE 16th Avenue.</p>
<p>No meetings in August and December.</p>",https://www.portlandoregon.gov/civic/article/755761,Hosford-Abernethy
SE Events,755762,2,2021-07-21 04:00:00 UTC,Hosford Abernethy NA General Meeting,Meetings,,2020-03-04 23:34:31 UTC,,"Carvlin Hall, St Philip Neri Campus, 2408 SE 16th Ave",,2021-07-21 02:00:00 UTC,A,,"<p>Hosford Abernethy Neighborhood Development meets on the third Tuesday of the month at 7 PM, St. Phillip Neri Church, 2408 SE 16th Avenue.</p>
<p>No meetings in August and December.</p>",https://www.portlandoregon.gov/civic/article/755762,Hosford-Abernethy
SE Events,755763,2,2021-08-18 04:00:00 UTC,Hosford Abernethy NA General Meeting,Meetings,,2020-03-04 23:34:34 UTC,,"Carvlin Hall, St Philip Neri Campus, 2408 SE 16th Ave",,2021-08-18 02:00:00 UTC,A,,"<p>Hosford Abernethy Neighborhood Development meets on the third Tuesday of the month at 7 PM, St. Phillip Neri Church, 2408 SE 16th Avenue.</p>
<p>No meetings in August and December.</p>",https://www.portlandoregon.gov/civic/article/755763,Hosford-Abernethy
